Fund Name,P1,P2,P3,P4,P5,Topsis Score,Rank
M1,0.33209173444003576,0.30270208850381175,0.45045349711211513,0.5744721840134581,0.6057448500463469,0.36991683104420287,2
M2,0.3802209713154033,0.3909901976507569,0.4204232639713074,0.7722412965426813,0.7820763500999347,0.47247014135491294,4
M3,0.31284003968988877,0.26486432744083527,0.44294593882691324,0.5368018768650346,0.5693127219361015,0.369097537719536,1
M4,0.4379760555658443,0.5234223613711745,0.277779656552471,0.7856949776671183,0.7752756861860222,0.6556269014668935,8
M5,0.2984012686272785,0.239639153398851,0.23273430684125948,0.80453013124133,0.7762472096022953,0.4785321769577232,5
M6,0.3032141923148153,0.25225174041984316,0.3828854725452978,0.5677453434512396,0.5868001434290192,0.3784824084624205,3
M7,0.32727881075249904,0.29008950148281964,0.277779656552471,0.8879429542128392,0.8602839851099281,0.502504200770096,6
M8,0.40909851344062376,0.4540531327557176,0.26276453998206717,0.6403952215231992,0.6397481696159092,0.5916656943566496,7
